{"cameraMode":{"drawMode":0,"name":"Shaded","section":"Shading Mode"},"sceneLighting":true,"audioPlay":false,"sceneViewState":{"m_AlwaysRefresh":false,"showFog":true,"showSkybox":true,"showFlares":true,"showImageEffects":true,"showParticleSystems":true,"showVisualEffectGraphs":true,"m_FxEnabled":true},"in2DMode":false,"pivot":{"x":1.8138494491577149,"y":-3.5938758850097658,"z":-0.30948466062545779},"rotation":{"x":0.33255478739738467,"y":-0.6082287430763245,"z":0.3111148476600647,"w":0.6501500010490418},"size":16.36795425415039,"orthographic":false}